consumer_id,product_id,latent_0,latent_1,latent_2
0,42,0.3328445446750316,-0.38726609529483486,-0.7837631544973915
1,41,-0.20496183302520918,-0.3228664776395668,1.6226742288485407
2,11,0.4648293465315827,0.20909078492148722,1.0792034777388242
3,41,-1.20747562607822,-0.5700445696088721,0.8886092969263589
4,17,0.016738166495250822,-0.08113326711812989,0.16051404718629556
5,11,0.08665386021702251,0.6866100581710411,1.918099102882662
6,17,0.431436084049302,-0.212465932716086,0.20022769793087167
7,8,-0.3620480822569839,-0.011799591204399017,-1.1964659787411795
8,15,-0.3830765735437958,0.032114393718848916,-0.11639240356861413
9,22,0.1581497994206296,-3.06895299482155,0.414445677717649
10,17,0.39467590908088285,-0.533172836955421,0.1250691903223345
11,34,-1.6706242441792107,1.468116783198872,-0.23131504492980734
12,19,0.8191896032619967,1.2880052264294688,-1.1321253521823371
13,41,-1.4838169076476964,-0.18622045617629773,1.0606460440699046
14,42,-0.18601963549182077,-0.3491881618866082,-1.182273405441693
15,8,-0.7139946745369796,-0.06972623227037043,-0.41834062628412994
16,11,0.24871689983471357,0.3278246434730006,0.819168194842457
17,17,0.06005917503409363,-0.8766089153628908,1.3522191546884281
18,1,-0.32087320953430304,0.7604326891668228,-0.22755987187447016
19,17,0.598252650976132,-0.8371680304120773,1.7589009730549696
20,17,1.2836471858604714,-2.2565385152852833,1.1585663551789263
21,1,-0.5833012587800336,0.23306263391131335,-0.3021605889631887
22,28,1.3054545322696358,-0.44721714954855557,-0.19274689498235908
23,8,-1.7729358275634213,0.21235324110068493,-0.9817261621351909
24,17,1.1231522392031876,-1.4960308395400062,1.33720526813682
25,1,-0.07179269653764608,0.06713496914389963,-0.18996279267764193
26,17,0.28667961553727767,-0.17963146436060787,1.6943272866253107
27,34,-0.30587227515214416,0.87709454577336,-0.05557356084515779
28,19,0.26723701260200367,1.1227512164441338,-0.5039662211587927
29,41,-0.70860229707283,-0.17238778472071023,0.7403709962784802
30,17,-0.015217546836329808,-0.985109730881085,0.899606453382447
31,42,0.2153902440065564,-0.14289609791051378,-0.5015069625137581
32,34,-2.0160952618503494,0.7813517463008401,0.9890798898567009
33,22,0.5031307933153166,-1.5112421517153738,-0.3465628222382438
34,36,-0.48459533093578655,-0.4717678920694713,0.16782604528448603
35,45,-0.7197412073063961,-2.03936127722034,1.5517810203610098
36,28,1.560704390818452,-0.948110490718364,-0.7942815142820757
37,17,0.11437245712099495,-0.7806143681154473,0.35344619306230446
38,40,-0.2659684375014668,0.8247862861545355,0.993629518150032
39,8,-1.7556861274130817,-1.2123891865860572,-0.32016173341552623
40,30,0.4217165070727827,0.04101461846247642,-0.23269604990532797
41,42,0.6653637156882847,-1.8661572538744504,-1.1529292495554342
42,28,1.552296490369863,-1.9072906675201882,-0.9977686928104518
43,34,-0.5570895157991577,1.5804761225147277,0.05672414366788712
44,41,-0.5939889637149232,-0.6047526560300099,0.8578402046277386
45,17,0.7873349768530679,-1.1923714385987312,1.9470666752069887
46,15,-1.406663000001908,0.212122457212593,-0.24201644420382
47,11,0.4089276412727115,1.3072350375981812,0.402566203104468
48,1,-0.7762692239959614,0.22067802110713097,-0.3405010249139131
49,17,1.5941760322474217,-2.322096521639556,2.030034158710719
50,34,-1.136603089381906,0.20131993290288117,0.44618937723858565
51,19,0.6590134533231002,1.1900579251157608,-0.8316473205205911
52,40,0.12939716958571945,1.5749703015722412,1.471653393194016
53,36,-0.8953033315134452,-0.25450980981770005,0.14219218682702173
54,22,0.21217092482252653,-1.7234183704850845,-0.17247708681119325
55,19,0.661196417331626,1.6645832971588863,-0.5676738066971124
56,11,0.8637113232808832,0.6537555075827158,1.665821026191663
57,48,1.75550942967405,0.4365221478079859,-0.4477779570811832
58,36,-0.8478989473116431,-0.015617007284890443,-0.05387476882274954
59,8,-1.0293433342481508,-0.38808570510730434,-0.5898095243727359
60,17,2.0651114904806995,-1.916277568729851,0.7699548589499153
61,8,-0.5798996688397272,-0.8505238285988947,-0.7399940856421792
62,30,0.7466257065582015,0.37312429891936105,-1.4143363856021525
63,42,0.4100676750897732,-1.121694389874061,-1.212877000773385
64,36,-1.2411936313363434,-1.9349940928078737,1.6572305972585912
65,34,-0.8132501573958929,0.2199661375998744,-0.11210739946818389
66,19,0.4185165703435168,0.18945910734933716,-0.8502167096173496
67,1,-0.11300137919423915,0.12399029204984492,-0.19246788668592832
68,17,0.8750612410802933,-0.37179927561848936,0.905390964502559
69,42,-0.1948656606487735,-1.2200718838274458,-1.4277077901873032
70,42,0.30191143895516165,-0.03583129002274483,-1.4237331197175302
71,22,1.0352019837538375,-1.9154880193930925,-0.608364301730657
72,30,3.0679925490852575,1.311589701341654,-1.1295110359247427
73,11,0.7170404562466829,0.7691575742837382,1.5417194817329434
74,42,0.5736494459856325,-0.3462830757339542,-1.5833062236564313
75,8,-1.24207351345451,-1.005203272849639,-0.09858145835673168
76,30,0.24512981583371563,0.4069390932107845,-0.18868507030084872
77,36,-3.8039666158806913,-1.6242413603408938,0.6158464038352697
78,40,-0.5727102719612385,1.7974223961289446,1.1415703558564556
79,17,1.2328757709860552,-1.8855201946953462,0.7536429639651542
80,19,0.37820730928543794,1.2854796065399874,-2.6110398126111063
81,8,-0.4612520024979175,-1.3815861001554532,-1.1571457582630995
82,34,-0.07729206271420015,0.15587454719587104,0.017877881061526848
83,42,0.22648875203723556,-0.46028828943271777,-1.05916560563935
84,1,-0.5920784932748562,0.6701089937126222,-1.3369660412446163
85,30,1.0495490034763757,0.7988637978432278,-0.21324902858995762
86,1,-0.6338660928176494,0.4576737320646874,-0.3640277880100237
87,42,2.135166988428556,-0.5192232650855639,-1.6194809699421238
88,42,0.6470917422962116,-0.42369482771483363,-1.06596086765249
89,19,0.43239001536880334,0.2763559949259421,-1.3217466065983827
90,8,-0.43115959945240256,0.0643934397768878,-0.9164751149314321
91,8,-0.9983800317112452,-0.3374262066325938,-0.21645251826712497
92,17,0.6863113037220154,-0.39486497959242806,0.08579979509253674
93,30,1.7224877839547863,0.9535736062935812,-1.4276933049738867
94,34,-0.7504055702657701,0.5414727476791008,0.7111228093962129
95,41,-0.1197834416965062,0.07180166518807962,0.6310443313400044
96,30,1.2227685340287,0.3997893770280796,-1.6624537938284447
97,28,1.2228304599743314,-0.9115973579981306,-0.9015674492145722
98,42,0.2509137465782889,-0.6463982747254983,-0.40155006977821117
99,40,-0.2380743713805438,0.40932446704968223,1.0528148810158189
100,42,0.6372369414413622,-0.4060513403103249,-1.0409558977261886
101,41,-0.3546655736847968,0.1742372144875035,0.6458743993210557
102,17,0.2656023176484321,-1.057232569886851,0.5243457609815714
103,11,0.8552676080675575,0.42367328198337045,0.8457156214492556
104,41,-0.1345831113450489,-0.3030342313998397,1.1870256283143334
105,30,1.447770104416832,0.36555451126166333,-0.8279040219365069
106,17,-0.5837250999402476,-1.9119484610670525,1.067332908086115
107,34,-1.490557117092195,0.8269401061160844,0.668012407212337
108,17,1.0113949881896007,-0.5856985950157642,0.3140311352143188
109,17,1.6155007279552844,-0.2009508851938881,0.11556534995365794
110,41,-1.9260481347888125,-0.10515060551585924,1.9100783167394124
111,17,0.6522377570466252,-0.16857134241491084,0.4238267527995006
112,11,0.5188937982567959,2.5490784536549773,-0.01087851902970517
113,30,1.0192452559311262,1.0524623722485784,-0.3761100975711937
114,28,0.6180642046612654,-0.9498530228431086,-0.5525977172421352
115,17,-0.12243979759767115,-0.6461135380418003,0.314069159992092
116,1,-0.8729999770709208,0.8254480539222295,-0.526142189353189
117,1,-0.5817441661211332,0.3470608546428273,-1.194407293817984
118,8,-0.44378711532925347,0.016727596116344088,-1.6685861249415528
119,8,-0.7321988408001813,-1.0757764535194154,-0.6696150581865291
120,42,0.5348128454929972,-0.5934681868960492,-1.1649777873277747
121,11,0.6924834900584977,0.7386550801495257,0.9173356398503454
122,1,-1.620807533806102,1.1915312375643177,-0.39124154888095036
123,41,-0.045904270833839945,0.31527477404732085,3.48078638860311
124,34,-1.4582263976439827,2.203901352050155,0.7760232048519234
125,8,-1.6554340829969185,-0.6627031244918858,-0.5161394125843315
126,42,0.6011174865739479,-0.4219560861884084,-0.5280916508188478
127,15,-0.7924378286972854,0.20154192075041533,-0.18378889203786625
128,17,0.23382935870976618,0.057138858000498484,0.5571712213251963
129,19,-0.22623181044634888,0.9138522449197045,-1.0492435917266312
130,17,-0.19700275552864682,-0.6154349907245387,0.39780869403471636
131,28,0.7086977172362877,-0.2965999338415054,-0.22791229301383745
132,22,-0.023874209685066188,-1.9424868891660734,-0.6577521895034419
133,20,0.060878235321633445,0.007790585900104907,1.0480873711479093
134,30,0.7689494327941621,0.3218682689001178,-0.05382681183229205
135,22,0.6381720378467075,-0.757785373157463,-0.2728029462254891
136,5,-0.684282180500522,-2.3119269063259735,-0.21249147097097337
137,1,-0.6670441844289652,0.8421549886652413,-1.0057138262620566
138,8,-0.4391706864550527,-0.23576349986352452,-0.7646958759597557
139,41,-0.7821686479899669,0.024408851485086803,1.5789955028635194
140,11,1.238499805612509,0.6079500497513136,2.0911131540529917
141,42,0.17787876875947498,-2.1423157066179517,-2.5332263263133568
142,15,-0.8805018243364868,0.3200837390977093,-0.3071188276836762
143,41,-0.6038464232077329,0.12145458269228913,1.1941931937048536
144,48,0.833905279600594,0.21403352230361603,-0.10240549764764152
145,40,-0.27704675812085544,0.7460670547954488,1.4295348090024567
146,17,0.5012224079518242,-0.09370589560169194,0.08207396611924278
147,8,-1.5400140627764072,0.25473535030039063,-0.8603118400223462
148,41,-1.4101991040477486,-0.3932886193611918,1.1323392421168281
149,5,-0.6620879539567173,-1.6593463920389746,0.241234899599523
150,42,0.4019574901888069,-0.16107200870753313,-0.35899399820606237
151,17,0.6839342467625426,-0.02116555920697854,1.0825558444941583
152,17,0.12780868751586516,-1.5627746854471212,0.36117615559349164
153,22,0.18614331359244857,-1.6652205050319866,-0.44245561432191566
154,30,0.9498399424544192,0.4138470704343124,-0.28984399094313307
155,11,0.4034061361834388,0.7429526295327876,0.5499027010404053
156,30,1.31343698877396,1.1435695409329674,-0.5770195201128073
157,1,-0.8692279598268061,0.25502841795004344,-0.5588704690511391
158,17,0.39822443687651154,-0.3926507544865508,0.8996540352502569
159,48,0.904603396902592,0.32244467234250773,0.033487943398389966
160,41,-0.1748902149547268,0.2471585704406972,1.7723700302819605
161,8,-0.1879552711794633,-0.7975963670962688,-0.2641665194332993
162,17,0.5349412055993723,-0.623265702134013,1.0496674108560593
163,17,1.8039047973988267,0.1854937661150185,1.3659930298060656
164,30,0.7908843777272553,0.28074358513219855,-1.0052721455679408
165,40,-0.05478094784538339,1.1793371897636045,0.6420488581909016
166,8,-0.6152606044863701,-1.0778428306198107,-0.23766245117870355
167,17,2.570850681783122,-1.3564058803530727,0.015117216277901548
168,19,0.217801931943666,0.22988385871232303,-0.3678573054978344
169,1,-0.6540345527206536,0.315970258528173,-1.3199316942437838
170,30,0.6638096295015848,1.15866078227785,0.013300643336948373
171,17,1.788632995460749,0.1596401528315802,1.1373395320305104
172,8,-1.3871434887571683,-2.5735327874226606,-1.1112144210910455
173,19,-0.2339182568624631,1.0550059325261398,-1.544295207887022
174,8,-0.1707737545399933,-0.07914300654874738,-0.2386549393587377
175,19,0.6093434450215991,0.8012451822725317,-1.5918960298047236
176,17,-0.024431745168168675,-0.41711250637254493,1.009016534740785
177,8,-1.3636748274331714,-0.17913496964580394,-0.5078181409810706
178,17,1.8242901945201535,0.3298420002613951,1.4298908726468487
179,45,-0.3562995567082447,-0.6447809604884073,0.20625850266090834
180,41,-1.2484955176836792,0.4715137795850351,1.907951797951204
181,17,1.6421732249162129,-0.45305653465707474,0.8772175536461
182,41,-0.27773465006854936,-0.25987912997088225,1.8550565568401978
183,33,-1.1159496160247049,-0.06733862220022854,0.1783099173682308
184,36,-0.7579269315061375,-1.0702641341779893,0.08436919075355329
185,8,-1.3471222821841853,-1.4752496606683987,-1.453747292083874
186,34,-1.0996485450048246,0.6997053587817441,0.27841593509048806
187,8,-1.6147191413925943,-0.8634408722258706,-1.2469199264507826
188,36,-1.2694722569358663,-0.41616845663135205,0.29720689056425353
189,17,1.1551853976829705,-0.2011370320314106,0.9181907109348268
190,22,0.25880313042710634,-2.214304269766168,-0.8989777254580905
191,11,1.7413895182541441,0.84354458471703,0.3230374759626954
192,8,-1.0441139267658646,-1.2779277681184267,-0.431738612091898
193,34,-1.2781470542757238,0.6627933655368645,0.010451091433491884
194,17,0.31892853838281815,-0.41224593794628217,0.5342704516476381
195,42,0.12530672056142061,-0.22510490756495244,-0.18256057806829237
196,48,0.20033815853846518,0.1390160447324691,-0.03821707560050482
197,34,-1.3643648566922448,1.6180455075661886,0.5281384451411595
198,42,-0.13560204546853366,-0.5052883144841983,-1.1047620836755272
199,5,-0.8550466717312074,-2.1923685168690774,0.023228991160350692
200,41,-0.1193777308524237,0.14578105432505878,0.9261299582738161
201,17,-0.06995132552400475,-1.0085946733358702,0.8426606323810714
202,34,-1.4218922304549448,0.24455589318171103,0.6818878195370993
203,34,-0.36260661146280954,1.1452789935064431,0.1630952913817354
204,34,-0.5303080646631828,0.9470876134671468,0.24302142878334704
205,28,0.8247214037195706,-0.4840341371029155,-0.5812518284785284
206,19,0.2886995192567752,0.6224778290075034,-0.1487808054384274
207,36,-0.9110504803368565,-1.7470480685874465,0.7080375357343405
208,42,1.3182826958730165,-0.4377966731660666,-1.306699892886098
209,19,0.6299546296953188,1.7368114339621445,-0.3884310610412888
210,22,0.9268433147509058,-1.7708575106469095,-0.4792886376869764
211,8,-0.5404316273976258,-0.2944915311757026,-1.1382520223688561
212,11,1.3759569291472808,1.368923871449209,1.1689296725585219
213,1,-1.3331692288010675,1.0426394363776603,-1.1871150395347418
214,19,0.7458116390707771,1.0535777446520818,-0.150994703743961
215,8,-0.5835649281705046,-0.71474922300203,-1.5975466682120398
216,17,0.3023752605169901,-1.0425754168382046,0.25017423116576887
217,36,-1.3640417759408578,-0.49112440945822444,0.15595586869912179
218,41,-1.459720257442876,-0.036606915882971255,2.301223152334601
219,22,0.6575117600543466,-0.954455869394566,-0.05083907658813166
220,17,0.27770488276623134,0.07232854884122066,0.13309874654868067
221,22,-0.11074071462248919,-2.993064408925361,-0.9582020735640849
222,36,-1.9861433956240828,-1.3201259077783192,1.167148672764384
223,41,-1.2909646335635316,-0.9488884194358918,1.3309400504239886
224,8,-2.493420331233662,0.21445701029828534,-0.9749225621249658
225,22,0.5626099951736389,-0.9362078062912188,-0.012110275153246737
226,17,1.115712323352466,-0.9589390276434785,1.017678346549337
227,28,0.9798668927287767,-0.7941876659508821,-0.8608547353287785
228,8,-0.14389131280704143,-0.3097165320395759,-0.15121238839232803
229,30,1.3601424570711091,1.0786770505217416,-0.0873003852210115
230,17,0.34926992458298445,-1.0928481446823048,2.2174695128813897
231,19,-0.05095950898352919,0.37268092287759086,-0.19120043577612486
232,17,0.50155981336918,-0.5700695971436837,0.8892967746990313
233,1,-0.6758087862999257,0.6019692072312431,-1.0373110497361568
234,41,-1.5196254460246226,0.22724897148158804,1.212553466398881
235,17,1.6837079973981182,0.11318277858395125,0.9745726341007754
236,41,-1.8179827620212978,-0.21658257341645032,0.6897330776486311
237,17,0.592278092017158,-1.2805546992801,0.5623703463743407
238,40,-0.06575168122511026,0.6268795448360731,0.9182522891655867
239,41,-0.7275193566739144,-0.9073472757287293,1.081198526884885
240,17,1.1852855495356398,-1.0546656742305864,0.3926130101820276
241,42,0.0218238642642939,-0.22767256842004138,-0.8118491010591048
242,17,1.62443732596123,-0.3454949502820787,0.16061603229172466
243,1,-1.1690405710560738,0.567147502058476,-0.8160093277524814
244,22,-0.19906659606260002,-1.2136065349676242,0.23715746123840747
245,48,1.0464441064169598,-0.010369009178006249,-0.241601619561886
246,30,1.153744687889004,1.2389764905625305,-0.23502302764032448
247,42,0.24087920469270058,-0.2961092589032177,-0.6111716573850149
248,17,0.8014381529042175,-0.415757026846904,1.2516835609251276
249,1,-0.3959452286940382,0.3056666373708668,-0.3074782194198393
250,19,0.9160172138263456,1.1146798667746467,-1.9726081961743729
251,11,1.0584962722577236,0.862734775904082,1.7407650985262386
252,46,-0.20676490840031161,-0.4921854379829907,0.07424547105345622
253,42,0.5307927048778456,-0.057161122735704395,-0.5595668338618193
254,11,0.14448252419125188,0.6222401117706288,1.291308914762265
255,48,0.7918257598040617,-0.298750250456,-0.5275077965508168
256,22,-0.029397906916449276,-1.4233409382019986,0.03250841601381222
257,42,0.11805881896861127,-0.16537625083109206,-0.6865034447246567
258,48,1.203605808749545,-0.10800143977012147,-0.7852173767628937
259,40,-1.5415529250608593,1.5051566491993995,2.059132475790271
260,34,-0.91749280876534,0.26989111951388,0.3769042080645281
261,46,-0.43979525788895224,-1.088402293877673,0.22541502313187348
262,19,0.19192195438725218,0.481334793363691,-1.419249325731435
263,17,0.07813630720614306,-0.48460222333136715,0.20820048594773932
264,1,-0.05902643344508926,0.3584641298671721,-0.10786290715215113
265,11,0.3637621091948659,1.0258698884625497,0.4333524716891079
266,48,2.1416960477067564,0.5078808208909718,0.43656204523543474
267,17,1.1346495098861655,-0.1887937317480654,0.3125222659203543
268,34,-0.25182317598844595,1.093694621285861,0.2422863592026519
269,41,-0.7645244637672475,0.08884558454815888,0.5366152975580079
270,36,-1.134201909143728,-1.3703285169193282,0.33245363703364356
271,42,1.178444707668173,-0.3796620198933916,-2.561726601058364
272,17,0.6953954341700053,-0.21508193182870672,0.880041209844628
273,22,0.309325061422907,-1.3827652497859666,-0.21485602687163138
274,28,0.412150530212289,-0.1898037604004196,-0.27159730683050026
275,1,-0.5017665524467001,0.9377777032902697,-0.6906824415880726
276,17,1.0237526742400374,-1.1591699783078082,1.8616346062153422
277,48,1.897831442289953,0.515073549127261,0.17956807595320073
278,28,1.4772603794232835,-0.38125234889340065,-0.7955814521776537
279,19,0.73910305138027,0.663679509573174,-2.4472285177376927
280,30,0.9196929979964094,0.26482796260047536,-1.3376867516919044
281,8,-1.158740923657859,-0.10780991579049297,-0.6954057446575882
282,30,0.877892605073515,1.3599813380270915,-0.07626274572769928
283,8,-0.8081396618967888,-0.11180003173425165,-0.1285498678632898
284,1,-0.593372015509493,1.3630065002662044,-0.43342250216617456
285,17,1.6733676521242338,-0.2719927802559897,0.11323435384433676
286,34,-1.034656500033911,0.6261704577958742,0.8093369075086468
287,11,0.301842612162396,1.2413636196250792,0.38601450004375204
288,8,-1.5128305913656956,-0.32381597759128367,-0.16760646503571097
289,30,1.1063087245404655,0.25996110788887733,-0.824254664638936
290,19,0.35230700244326174,1.4801977339481809,-0.7497145782708649
291,42,0.06843720345198691,-0.01926260589214243,-0.2702148516567943
292,8,-1.652468135944176,-1.340713820412682,-1.3530605701304033
293,42,0.5628061496377126,-1.1273552640935438,-0.9115611382425372
294,17,0.8265285231162468,-0.6420345748200286,0.5291530131319085
295,22,0.4053419829325835,-1.254791121739161,-0.07996864304467188
296,17,1.8519594683313678,-0.342563162181527,0.05726680448658569
297,19,0.7620655433215859,1.6929373968443688,-0.4200383426553234
298,20,0.07091897694598616,0.06089426523317921,1.4075473400668521
299,19,0.1563599703379175,1.0528622336339337,-0.6298339351479018
300,34,-0.8972640406396397,0.38904205968691574,-0.10446541789447496
301,34,-1.5326721306353477,0.44535050568851564,1.1006061397828328
302,1,-0.11425728249215432,0.031140513328560777,-0.3897513029453356
303,19,0.8903592683274438,1.9569216481122265,-1.3506069086157053
304,19,0.174998271590105,0.2350386162397132,-1.0559969131699853
305,11,0.2944580674560179,1.1371125502118349,0.8113357688247251
306,17,1.004826118258709,-1.0329259456883886,1.8171603669526817
307,34,-0.732184823273816,0.614554381004562,-0.15201262711312932
308,17,2.1863935459876456,-0.962945513423498,-0.012525929889164004
309,19,0.150556740145009,0.9713490124452776,-1.8725494918635195
310,34,-1.6155430639188717,1.4103500101106403,0.492487285017277
311,11,0.7298465334097415,0.8429597669160739,0.7180793919109051
312,30,0.7594721575568553,1.4116256872516861,-0.5574712663168114
313,19,0.7338965388775012,0.912799209855892,-1.3113349199885822
314,30,0.46303408209442165,0.37045134639583127,-0.1211989584416361
315,8,-0.5138773657706445,-0.7320684006045959,-0.5619616675661606
316,42,0.07459310266414718,-0.697218602895713,-0.6634155893129583
317,34,-2.1834945271556783,1.0413122762061762,1.5849350967715394
318,42,-0.19750883632811575,-0.3644125472566808,-1.8781044529871684
319,41,-0.37962426343475386,-0.3965047502757414,2.1525004683334648
320,30,1.5386932322210944,1.0663259201502797,-0.42746544993075025
321,25,-0.3996694227171691,-1.1656845800965672,0.4886430170395666
322,45,-0.36608343124855863,-0.9111639381287452,0.5310735574926014
323,15,-2.379911228046153,0.22069427988028323,-0.29343689429928393
324,19,-0.04867172305736853,0.7028522890415455,-0.47694877040008826
325,11,0.6131760682228213,1.0424015124216772,0.6653409080116179
326,1,-0.7429827110759797,0.4482060974018902,-0.3296647257400249
327,40,-0.32765974524756675,0.8840981198334041,0.2538083696317498
328,19,0.9159032361007352,1.4520142396576434,-2.2043367139183685
329,8,-0.2825752339819886,-0.11133643181495075,-1.4408510529827356
330,34,-2.805228762066251,0.8816039857908858,-0.25660323100735305
331,34,-0.2013521213355743,1.271698368148678,0.23260391375355996
332,22,1.5270138387222905,-1.9602460250491693,-0.025826056136189764
333,42,2.490134454266439,-0.906662818112117,-2.1345504203745223
334,11,0.19916473693941683,1.349826733462104,1.3645726758147476
335,11,1.3482789729867566,1.33966298385859,0.3087820483675044
336,34,-1.1019408604370056,0.4599053706143418,0.8443887775735386
337,30,0.5397830770389405,0.5050603781064631,-1.0621324526700902
338,41,-0.07934543004851281,-0.03323567283641555,0.38848815619576405
339,30,0.5739610553579617,0.11825615695165005,-0.7400094839599117
340,41,-1.6072892714966114,-0.3416336017462459,1.019923979574678
341,17,0.9166553534292622,-0.3743965315085418,0.13123794213960055
342,34,-1.0126580282281663,1.6020993343877978,0.10515068328377121
343,17,0.8983605152247445,0.03666409934883566,1.2944673756500167
344,17,1.7377050558937874,0.5273575551691022,0.6812872053931158
345,11,0.4141485502476521,1.2815876810941431,1.8794448524584237
346,30,0.9954769418266214,0.6480900840493979,-1.4744174068082312
347,22,0.8874774383609698,-1.7190909957511984,-0.4340402122923582
348,8,-0.33513432471270904,-0.06694279309085993,-1.1556553387129471
349,40,-0.5108978785019856,0.39630278719391543,0.8314787839779839
350,30,1.4547471545314419,0.03388849334829269,-1.4126082682892036
351,11,0.1792922928796242,0.94155635515445,0.650012586702811
352,19,0.05741855097380904,0.49823363302796486,-1.4007960809715836
353,17,0.24309987679011186,-1.5575309118836176,1.2528739522536552
354,11,0.8342174169359218,0.9813019308530272,0.234382755208574
355,40,-0.8265099930492513,0.8251351877490521,1.121459084646021
356,17,-0.034405999113586896,-0.44438002259557974,0.7649625356147672
357,8,-0.8786426187654115,0.2230251272635319,-1.0849556786388772
358,41,-0.3670272407738378,-0.1371818817639385,0.741706072695501
359,36,-1.2287178156790484,-0.44922404814497824,0.25682000426881846
360,15,-1.8064011254844292,0.4273778401381322,-0.5280482065469386
361,42,0.05289666237813381,-0.8890736850400852,-0.46082766729397195
362,28,0.527497341003545,-0.07587548670351123,-0.09774203343627975
363,8,-1.1737447677251251,-1.0815746390876388,-0.3539368842203246
364,1,-0.4388211857369814,0.23949967949477602,-0.27247585505575495
365,17,1.3765141788457713,-0.07083019982385341,0.6539252133614368
366,17,0.03091226821356892,-1.0662740430064532,0.9706581877597467
367,42,1.0995109726504915,-0.8401469962119693,-0.8321772622986147
368,40,-0.6237381480131206,1.3196276311279784,1.365264520594015
369,17,-0.32809315451839816,-1.4690158628189574,2.1606603250433833
370,28,1.352663020332613,-0.23832719545430583,-0.5572440279410519
371,42,0.33650093156634925,-0.5938035548257201,-1.1191335500851174
372,17,0.5246860731152755,-0.5075682514343053,0.43876044930861124
373,8,-0.6817854627862195,-0.14092152442050532,-1.02991964672988
374,34,-0.4576571788364179,0.6674377292754541,-0.12333432040976244
375,34,-0.8832216587109024,0.04665261892473317,-0.07958354854238617
376,17,-0.05715154824356301,-0.5735732090473966,0.1746546110393684
377,1,-1.180909109132603,0.7506101654694178,-1.253326210466738
378,36,-0.6813990003473528,-0.1807417451106519,0.2117973663577654
379,5,-0.9497097261542197,-1.9918675613940704,0.37338088965335187
380,8,-0.38953951238367346,-0.636474341053254,-0.6163987837279067
381,45,-0.6916866205547955,-1.2115063714567154,0.3673950411463125
382,48,0.735689158751763,0.16315182395308778,-0.10449887605726747
383,30,0.8554044784747977,0.6164912221110246,-0.21636858890575805
384,41,-1.2071991928967982,-0.21077439913317542,0.3433137729870659
385,8,-0.5847002883598826,-1.2770314033496637,-1.9070342081677416
386,17,-0.11551393863402853,-0.6131003309152249,0.9421303883238771
387,8,-1.0579940122547504,0.26037147571821834,-1.619566251363831
388,1,-1.3179890807724821,1.2897727217690993,-0.8303024505816822
389,8,-0.8749528354163455,0.07052147847121328,-0.5784836604846297
390,19,0.02657277594873516,0.4170297055377777,-0.05656502694035022
391,1,-0.27623329242405187,1.0308885479932783,-0.4191118166630806
392,11,1.346478987234558,0.8416456222376888,0.250954030454984
393,28,0.857776763154744,-0.5588108847686335,-0.5457404381716132
394,11,0.17803946224057793,1.1776666242596627,0.1567649022051143
395,1,-0.702378072381732,0.44753568759485507,-0.4184349193775877
396,8,-1.433955419024918,-0.6181487805098342,-0.6826266845052579
397,34,-0.9352507232424305,0.9687057186694069,-0.1043878186320328
398,1,-0.7232886765074712,0.38917268153524326,-1.6055638600059197
399,17,1.744143780299068,-0.21794039354289882,0.31806816487612605
400,11,0.2980783533897789,0.44449209527669065,0.2176108873569618
401,11,0.46358300071331615,1.5755102810636832,0.021555884349452506
402,17,0.8435878127512508,-0.7334012867299612,1.5969022876500054
403,42,0.7286463587314187,-0.8716769866108524,-1.2463701305675574
404,17,2.094766364691168,-1.0942648550514327,0.3977723046765338
405,22,1.395462735881129,-0.8057490703876259,-0.33825146663662586
406,17,1.5880172964363817,-1.0304956357275619,0.6937585235868615
407,28,2.311241772041002,-1.4458716523608302,-0.5258930458899832
408,19,0.7050180364189981,2.1301804284679227,-0.06783995499202329
409,17,0.8539948316402199,-0.575316291455711,0.5390547701787046
410,1,-0.3620946482626109,2.6393515887847117,-0.5091049696831194
411,8,-0.9092295407662542,-1.0056032274236868,-0.18351136294828035
412,1,-1.0836338380528128,0.9482317807741997,-1.1177471464829705
413,36,-1.5103647018884223,-0.061305143329449224,0.4687668146626588
414,30,0.6935713784357715,0.2910059318342856,-0.6325642604949564
415,34,-0.4143496734926901,0.793089141203686,0.2623853082352129
416,8,-2.3959133987066923,-0.4580114310420377,-0.6879387457305554
417,41,-0.3367272835372308,0.11092752554782362,0.9831283446434989
418,30,0.8665298783722993,0.9144551188668193,-0.654955436440625
419,17,0.5161726038820265,-0.34591116839357533,0.4815850645076264
420,41,-0.6272081623394637,-0.37204296112354635,1.0684155141868963
421,36,-1.6288221902205338,-0.8450018230719812,0.9371774076204102
422,17,1.7355490321020532,-1.3367844453157791,0.47012856049915114
423,1,-0.37050900681440696,1.7390817822053595,-0.251124974104517
424,1,-0.5928938702108182,1.4919969937660589,-1.8137130400803938
425,8,-1.0800269099791175,-1.6662650091554427,-0.9726115262452275
426,17,0.26031244621908367,-0.8488988111073714,0.2063321566541711
427,36,-0.7571755014765574,-0.67367275479843,0.047154845988917206
428,11,0.7751263091186634,0.5105563843330343,0.8167024551512401
429,8,-0.6209382646542922,0.21084965127883668,-2.5199085065180706
430,36,-1.4004626375756517,-0.77813758641093,0.7301477360979962
431,34,-1.252465270143602,0.31433886116351084,0.28778202644546924
432,17,-0.3279420804058875,-1.6341108908659134,0.9818913963429675
433,17,1.474390192633022,-1.0093286947838975,0.6449500528119373
434,11,0.34866031624051,1.1296361820814436,0.47221212099464016
435,36,-1.0555905509926127,-0.7093145142577333,0.2815694331083568
436,11,1.1689252242297845,1.2505235441609224,0.4655312837177274
437,19,0.08350084094888933,1.7603857470441504,-0.3396275583150552
438,41,-0.6799658658611981,0.023479477139696087,0.8208432638003743
439,34,-2.0440597287206956,1.6123287088596656,-0.5386791257524637
440,42,0.37258652184051333,-0.5526498830134005,-0.4810119400452703
441,34,-1.3886326109878175,0.9028767040738421,0.20330040744649946
442,8,-2.2056125659387735,0.08371101432923994,-0.9270877259352529
443,17,0.7499650502020673,0.03140097100868195,0.2469701336076742
444,36,-2.1969761493609177,-1.659269492512333,1.0923596660787438
445,22,0.7794234117736506,-1.184622462213226,0.08044814372243667
446,11,0.046165450310707415,1.2125000782753408,0.47060990498147076
447,17,0.323864914874409,-0.7200331302446688,0.6140767212965984
448,42,0.4870615578654907,-1.7745516538505492,-1.3374769893935454
449,22,0.26724089543981805,-1.5434708794501004,-0.0851188877815411
450,26,0.6117309407979842,0.03711206464793485,-1.510895814666603
451,30,0.9205457613754778,1.0195162753061937,-0.34980888198811505
452,40,-0.7705642893803777,0.6781962122766632,1.2095760210236066
453,40,-0.2789591960464523,1.0642584902790981,0.5929010924868362
454,8,-0.9004095687737793,-0.007769539451641742,-0.2165660081986669
455,36,-0.6548552922624338,-0.193362794049945,-0.06264359081877574
456,19,-0.17103519336047407,0.5974277467175334,-0.6466857622948567
457,17,0.22023414090629564,-0.5105524427783978,0.28593291006397364
458,17,1.4340709545269097,-0.7044654829330214,0.06525153150762757
459,8,-1.033779342386466,-0.009703402101524858,-0.2909870818033094
460,42,0.05813789028881424,-0.050493508360706464,-1.1321195843035492
461,17,1.3378574097055405,-0.060402226490336546,1.1658403491373446
462,17,1.665361217438256,-0.001134608311190331,0.8013015881734473
463,17,-0.10747379361150855,-0.7405054099159218,0.620921232134844
464,8,-0.6825336029370438,-0.018651852267281287,-0.47924770487859186
465,11,0.38355759237480586,1.1939998492966557,0.31883570369961284
466,11,0.44446090972765445,0.348767744899166,1.3792146897343718
467,30,0.5742542710165283,0.05919477992464799,-0.6591266466328152
468,34,-1.8416097638423734,2.452571687101647,0.27260901535236803
469,41,-0.8179156640921252,-1.3004831726096553,1.333647954362125
470,19,-0.08047346723163214,0.8428182601130607,-1.7138083844182106
471,1,-0.3136691941569423,0.6296572671916348,-0.435737438820867
472,11,0.34693374462517246,1.6191057436646843,0.15489194837773812
473,42,-0.10155425491855558,-0.558765387041269,-0.43752091885604477
474,1,-0.45444216757239764,2.3512747273072065,-1.147136692460356
475,17,0.3919513194481091,-0.55926933355744,0.7572116701192284
476,40,-0.1605570845694556,1.3947250574849137,1.8440785238376751
477,8,-1.4346588790009873,-0.6094775203758805,-0.7789945448971692
478,34,-1.43205841374642,1.137253431024989,0.4744699035070743
479,17,0.1472380321969715,-0.025814457897869188,0.5019560869245396
480,17,-0.3355087295944081,-1.1830982201616764,1.7556914837714255
481,19,0.2637670767245888,0.3862017306848293,-0.8292620639973376
482,17,0.7476067184492409,-0.3793775605403208,0.44330606422056856
483,33,-0.2877327828732606,-0.03906747869895994,0.11105070966136252
484,17,-0.08350212205460383,-1.163203176811917,1.5403928125013162
485,1,-1.3659904497935662,1.678468943307633,-1.1264918427903692
486,36,-1.020750025834932,-0.9524946616612713,1.0777049006901072
487,34,-0.10314640575349356,1.626879332872448,0.3910675340418069
488,42,1.0384374448395621,-0.40929577689312846,-0.9792848924333792
489,22,-0.16325308182901951,-0.8433798210516603,-0.09650046739040853
490,8,-0.3786808454031153,-0.631962091147478,-1.3128268893793025
491,34,-0.8751730656826107,0.10871680430879319,-0.10370392237540378
492,40,-0.2197707906271401,1.3957441770917696,1.3763022008960646
493,37,0.8459258843670568,0.4492496424846316,0.6453772367863977
494,19,0.19326564483349887,1.3407705239434813,-0.7924567511833611
495,8,-1.6052329338022895,-0.42372284961656775,-0.7915999579718064
496,17,0.6366029252101293,-1.183038704694304,0.6273913204203293
497,8,-2.3075663314101074,-0.6971599889468427,-0.8711520142112695
498,28,0.49471275428717654,-0.2858349326314748,-0.15490064037235227
499,19,0.2808125055052813,0.07620163692020039,-0.8473910644725569
500,11,0.7607215482617744,0.7261313477403827,0.24635980715916805
501,42,0.11959167921745245,-0.6299451177184134,-1.5851440917710837
502,42,1.428640569649748,-0.22143797369983212,-2.038667051472997
503,41,-1.004876102390813,0.05336950710901081,1.965550818756645
504,17,0.3654459074691641,-0.4627047207954732,-0.03499427415489176
505,41,-0.9239886952566472,-0.18900600629386838,0.9738772130688961
506,30,1.1733337252963942,0.3838047965201182,-0.7875269003614082
507,8,-0.5409138493119785,-0.4426287911761295,-1.0182238902785241
508,8,-1.542538183296127,-0.6436060149830986,-1.1195373826137192
509,1,-0.23836150077747895,0.46871735330491365,-1.1482410087290418
510,1,-1.0448883792583112,0.908899454311256,-1.446680913293017
511,30,0.7946156830027274,0.728684210022228,-0.5242046578248263
512,1,-0.4751074646495117,1.5382966836386958,-1.2687351011882304
513,36,-0.34514075774193137,-0.7920892652831649,0.38740984476639595
514,8,-0.27513754488566555,0.10704158422829416,-1.488228005463121
515,48,3.1045856729189505,-0.016993774569463188,-0.3400247014718627
516,30,0.43012046061763687,0.03713781187941456,-0.4737290522211136
517,30,1.274783020650392,0.7792138213574494,-0.9844249619091473
518,41,-0.6834611646774779,0.21931867088382614,2.67489834244394
519,41,-1.415519876175945,0.19519107353637818,1.6544125618814032
520,19,0.68166393145705,0.48859878509364735,-0.9723051898195888
521,25,-0.39055062298514315,-1.1754585724846163,0.38659428750966274
522,17,2.0797446711384855,0.05197070175183269,0.2209957085170318
523,22,-0.14429380190002755,-2.0903696759888373,-0.28599345978353347
524,1,-0.6359079636462281,0.6036531598118913,-1.436725025461133
525,41,-1.0252511545337961,-0.3763290330234495,2.106518693663844
526,41,-0.6137189754979319,-0.023147489045932106,2.0521160721595226
527,30,1.7669563000790172,0.29036180813552026,-1.6732462906366836
528,8,-1.4484914758177734,-0.2773865753172946,-0.23673142248857015
529,30,0.38134758615266573,0.12422835651331013,-0.5485084218073035
530,8,-0.479195027699041,-0.728571864767229,-0.9018839514283762
531,17,0.7342007702358149,-1.069247192458856,2.178923435164779
532,11,1.1501956465030878,0.7549589512296303,0.6190499838918915
533,42,0.6449589263847666,-0.37004674979509383,-2.1802200851451414
534,34,-0.3969631782980689,1.8247168129957339,0.16888971089395355
535,19,0.2583361053845208,2.258475247310267,-1.422761078278717
536,48,1.9594263867333852,0.08119747760445023,-0.5697468187539311
537,36,-0.43032690223166353,-0.42411020155886175,0.26170769312197173
538,40,-0.0533468360998069,0.40797444485102047,0.5957822708086717
539,8,-0.9063398145633926,-1.14003619201522,-1.0349845013214722
540,11,0.2720339418265204,2.6361329039580013,0.048314729290422694
541,34,-0.2575179520382822,0.29193977049913655,0.12035886990816434
542,34,-0.42093734881889705,0.9890743801378117,0.16178305237686838
543,8,-1.2419898814008337,-0.08017097792601958,-0.46682982386524347
544,11,-0.027043191121860575,0.19755894051664583,0.56448965906479
545,30,1.6234378491305037,1.3194713223328218,-0.6733116714988966
546,11,1.3226778954840663,0.726259215409534,1.4187357769921802
547,17,0.22378230775386854,-0.8757672390487877,0.4621275835203765
548,19,-0.04189060211418753,0.15465856526913935,-1.1950876816940055
549,42,0.027378354625763178,-1.4956565861555158,-1.1948751238895445
550,17,1.1331716647494248,-1.5997071217162737,2.3877231379852333
551,17,1.2944343712226916,-0.8813717215411888,0.6371759115379058
552,41,-0.3781675528291203,-0.9013863395540983,1.1000071416274853
553,34,-0.13697311415703306,0.8812878823066053,0.0460674415122372
554,17,0.18253081002867247,-0.5399680487607507,1.2888303014464457
555,11,0.9639906738908927,0.8598016183084612,1.4348041746133575
556,11,0.09464604860142678,0.25398356451175613,0.11948765331106476
557,1,-0.14745573791197578,0.10154800956453894,-0.33439547227245336
558,1,-0.9780312022023101,1.2230388187531758,-0.9901603588372461
559,8,-0.33111272501163136,-0.5552047273894934,-0.8996578511835646
560,11,0.5738696548766961,0.5919171963433623,0.8133583490946495
561,8,-0.40823951350349913,-0.6875564936668699,-0.14537695007509996
562,42,0.18564386641534095,-0.1841913257216733,-0.38878003347443274
563,17,-0.5628523601811519,-1.6027525315471538,1.748145776601767
564,41,-0.4614391850652613,-0.524003832680397,0.9048092215516776
565,34,-1.7251095315964975,0.6337078860655517,0.2794332291729376
566,19,0.22045898362100103,0.5022289910756634,-1.1329274433837517
567,42,0.3627810831341915,-0.6199282768689633,-0.9532754986716896
568,40,-0.1876997051995556,0.4066467750131799,0.7606692240694127
569,42,0.6967390808017615,-0.5928030356388428,-0.8657866287929774
570,22,0.5731131380932378,-1.2802413459136353,-0.5744243587273135
571,11,0.6226947029501891,0.5522072920911273,0.9716617049194985
572,17,0.11824036401416646,-1.1560771503432608,0.7309776304393888
573,17,0.3865082586961308,-0.06697335369720905,1.7813754743518155
574,19,0.003913415490057173,0.8513547305311028,-1.147802095624273
575,17,1.866062374844742,0.1987433657891983,0.7900356447243068
576,19,-0.0834439270368682,1.3718501000830174,-1.3340614483743023
577,11,0.2097791167371462,0.7474074432469495,0.630230759480202
578,42,1.1739865234022615,-0.49261091728688305,-1.4391023298378502
579,30,0.774300829655614,0.5782481006244404,-0.43240675554433394
580,17,0.3308693557290221,-1.4042921276608242,0.6873717758672163
581,1,-0.7191338359989309,1.0402770232118945,-0.3275249371234117
582,41,-0.17139829437590515,-0.003756718077557184,2.4310974476942024
583,8,-1.1633772854761686,-0.19955695564728446,-0.8989235725107855
584,11,0.9973826512045266,0.6743146518623965,0.8226701172123361
585,36,-0.5114789807935296,-1.0902700295984753,0.2689549748612022
586,17,1.6715468923735404,-1.4601051109148309,1.1345622805739906
587,19,0.2663206581562159,1.4245242924849875,-0.7333912025284745
588,42,0.8057904417795569,-0.8773314884604292,-1.0957862022116847
589,22,-0.2057989550013696,-1.768916317656301,-0.14963632144693348
590,28,1.3934607202879357,-0.8978133781765534,-0.49632354544036916
591,8,-1.3482326825533582,0.07809170842170024,-1.2542929302033126
592,30,0.9990957667737973,0.3805441543130821,-0.5105896618488488
593,30,1.5539415667552456,0.6706523922424379,-0.15452874465519695
594,11,0.9957905626529653,0.29337946477411714,1.0926182868118213
595,34,-1.3322019329144168,0.07766263907553381,0.1878191276761497
596,17,0.5325397745109153,-0.7222082577928498,0.3347428433930241
597,8,-1.0852203672577305,-0.6113522910957895,-0.15477516257675344
598,43,-0.8513737320613975,-0.04110392977673666,-0.09668948761101884
599,34,-1.9213694027221786,1.2691410699726546,1.104097241091088
600,17,1.378746924354928,-1.0662621029233188,0.7562608675230461
601,42,-0.03778685026399988,-0.5316907444696438,-2.7319647919843026
602,11,1.1798325497504107,0.3903430076479151,2.782437547414354
603,42,0.008979181329198454,-1.080185264478554,-1.0732599773352323
604,20,0.3240647069616085,0.01136577590816991,1.213081816345216
605,36,-1.1360018957234903,-0.5087158125974438,0.1745728452063799
606,1,-0.8417569080063894,0.2596249810216934,-0.8169514239404652
607,17,1.1308317409854367,-0.2877661436994221,0.16483104298314924
608,8,-2.170000093106891,-1.1049657389629801,-0.807455700572262
609,34,-0.9739827387712386,2.069595163800266,0.8904891782600842
610,8,-0.8423508571000744,-0.357786149985158,-0.8156662004614604
611,34,-2.2856778383500806,0.34299968866926384,0.7463007015926784
612,17,1.1438541282128736,-0.584916764314056,-0.12730483102036455
613,17,0.36663061367785815,-0.5255033669993748,0.06747776084021669
614,8,-1.0290375182580147,-1.6249058334286333,-0.21103847351917607
615,17,0.17608103956019167,-0.4509462019631794,1.149256930414998
616,1,-2.001735372232767,1.357325208605309,-1.8056195740169672
617,41,-0.31308251004670834,0.02367863396081893,1.2944753096768684
618,11,0.5153439136948048,1.1741058837772698,2.851855453574922
619,30,0.8072093168863598,0.6901587434783445,-0.8478598863700275
620,8,-1.0117104926085785,-1.6070869769453724,-0.3184449449616536
621,17,0.7105140412320868,-0.7723447350458842,2.606497178209762
622,8,-0.3789646355882702,-0.15598205089646117,-0.46610314181468027
623,30,1.5914287080220493,0.9342479507965966,-0.16949886447591728
624,34,-1.71742062510613,0.1261063210254223,0.2952413569765928
625,8,-1.0021109891383235,-0.5598307573408307,-1.3604049901769537
626,42,-0.20476194604457096,-1.3854331898162962,-0.9156072802012274
627,11,0.14617851597827847,1.4353971500820084,1.1067217387803172
628,34,-2.1602479403753794,1.4712960669624107,-0.41348497612476126
629,17,1.7291881774450928,-0.2880590813433103,-0.12028998972020608
630,36,-0.6019012378960755,-0.42958193197987515,0.3937174935698782
631,11,1.2200608066348824,1.3380863130005323,0.32544664773902005
632,11,1.527157821785714,0.8443000112587512,1.5752058637400617
633,17,0.0809451201350722,-1.2403533796770623,0.6516113291197414
634,8,-2.460516337909673,-0.6677765446188091,-0.4191860055773297
635,34,-0.6706029089909012,1.2027500550774055,0.4554582976684283
636,17,1.4625479673880868,-0.32576425728564773,1.1233531459118453
637,48,1.140758710259152,0.1775936019429836,-0.11553059544466103
638,30,1.8330427091382364,1.1120130440856237,-1.5181583124208808
639,28,1.0494326456427456,-0.582675840268903,-0.15502026378654457
640,11,1.5310312585285764,1.2702983591739543,0.8357222439364592
641,34,-2.0340147149435395,0.11551727896930847,0.6973843504033909
642,36,-0.7210505217852209,-0.837096695531424,0.6705125525319044
643,8,-0.8275337922438363,0.1420449370984875,-0.5055790211543421
644,17,0.5030018057644338,-1.2115241961795082,0.8179575088229039
645,17,0.02720460356195475,-0.965274018015271,2.2101285874003507
646,11,0.3737237689537216,1.2674560208823913,0.5180810180939244
647,30,0.1930316013157056,0.04303158511815246,-0.3149695010946428
648,30,1.7682384691828505,2.4365186972058366,0.04133527998069834
649,17,1.3723170017906483,0.024332699967732224,0.46577281524052166
650,1,-0.4280621369178271,0.2329889523489339,-0.9007534459162873
651,30,0.4717937999399552,0.40349181848231463,-0.1660377913930675
652,30,1.0473418975334903,0.9143832419246657,0.03679953064558205
653,11,0.5113936038729655,1.0236985111230674,0.8383942788932107
654,36,-0.38738975259862246,-1.1005374702352198,0.7474640768863537
655,11,1.228370200340265,0.4110626797601075,0.6581589989101235
656,1,-0.576190534778199,1.0313091258848368,-1.1310673595161482
657,34,-0.7541333559395199,0.5315270510092226,-0.08146978296249356
658,40,-0.10068384011779559,0.43240176729618796,0.7726348168825157
659,41,-0.21410304523835624,-0.3844941813604001,1.5048670513948794
660,22,0.2093542953174408,-1.0899462315956148,0.2760294974464657
661,5,-0.38292593570675115,-1.0513281576809768,-0.03762092760451269
662,19,0.2662509361245859,1.7953822769526235,-0.405985557984906
663,22,0.6179328303507351,-1.230326117625086,0.1622227569521354
664,30,1.0960560089146503,1.162606478407224,-0.13020248574515075
665,42,0.8435124784501441,-0.5661334427621876,-0.7576119121180649
666,19,0.036210568403156736,0.07768542145657716,-0.005788063901250462
667,8,-1.9511302963643506,-2.192767078772966,-3.732293219432254
668,11,0.8868935832124545,0.9487499705177348,0.44765091358828163
669,41,-0.569626842602734,-0.010438328700046927,0.9537654985081271
670,42,0.3473995867140733,0.02690137411229385,-1.4355087243628555
671,8,-1.7841530066514248,-0.6852441602019932,-0.538857551107442
672,8,-1.3293206434096436,-0.13190425448035809,-1.4381971501601596
673,22,0.2183921803722315,-1.074755381692189,-0.018989458794952837
674,1,-0.15978430762539472,1.0818679754421647,-0.1723193997224853
675,19,0.07235701948119547,1.4836687097120707,-1.0217196889911897
676,25,-0.3841019701991771,-1.3723356709809733,0.4696937214958049
677,17,0.8090156776938585,-0.10923884031761771,1.1586097353380627
678,48,0.6941009922951958,0.21039750679048067,0.11043492637746134
679,17,0.7919754962447502,-0.3436143493920855,0.08813176419537132
680,41,-0.9242932116868913,0.15385868922510923,1.477621202623959
681,22,0.7198901620140052,-2.065088441572509,-0.4078622332032152
682,17,-0.2021231871406286,-0.7315298290115803,1.3293428600781283
683,42,0.16743486632071905,-1.056680752030832,-0.6563381916949158
684,17,0.7042011295269159,-0.7688977747850447,0.39374800948302224
685,34,-1.105350854528151,0.1686391376035275,0.14442268022149632
686,17,0.14379222442625747,-0.20376095217575876,0.1768144376918668
687,41,-0.2323171089214895,-0.5118651823958381,1.3693106310870355
688,17,1.8405606619030346,-0.27214794321780955,2.9631113090476617
689,17,0.5475574416400047,-1.0275572255227594,0.27808012952798433
690,17,0.08845147439164612,-0.5393328220364647,0.4133419667248783
691,30,1.5773343516748783,0.5860435864504459,0.048895835514231344
692,19,0.13776767578082458,1.9160704856323785,-0.893547399119854
693,1,-0.447025762560655,0.3258087520299412,-0.1886072418325494
694,41,-0.4196749111789324,-0.2144530120483491,0.5105890320795363
695,40,-0.45899450900667776,0.3541942130561906,0.2229543227127525
696,36,-2.103203223290266,-0.366979570428588,0.6265878135830882
697,8,-1.5018422368772009,0.1625093263891869,-0.7239067154655345
698,8,-0.4893263963001436,-0.839851355143851,-0.5690035138374823
699,41,-1.313191003877646,-0.6676742272797939,1.3557026514272605
700,19,0.3564454089903226,0.8095469073450435,-1.1953698693664347
701,40,-1.0803877306662697,1.5195072115713568,1.9813000868652788
702,40,-0.4578775558993898,0.9159635497262123,0.8401850224242656
703,11,0.39583109219662305,0.1860708371786972,0.49032901671912427
704,8,-0.7870296723519425,-2.1863277199856856,-0.7310652079861694
705,41,-1.7729723099815922,0.07914999511028666,0.9694826022825452
706,40,-0.4437880436107498,1.0673272664398943,0.4211935813410521
707,17,0.11373970396320596,-2.1742227725357357,2.3144752133110025
708,17,1.4741724826582328,-1.7222300968718514,0.16512396229013873
709,41,-0.3838704793891997,0.1088064767518122,0.5743702420287684
710,1,-1.28533187827012,0.6039114810095154,-0.9358895973879482
711,17,0.9126950665429648,0.01668595869891393,0.5097944939982656
712,17,1.032261082096067,-0.9377882248406662,0.5936409255547155
713,17,1.408993526673875,0.23037968978683226,0.7304260869612148
714,40,-0.10041320911306821,0.5922026816217929,1.6365891551820824
715,42,0.2722494888518314,-1.7845014781258526,-2.484128447971274
716,19,-0.02474264008273818,0.24058215591939988,-0.9342733566084535
717,30,0.9136645884907657,1.1582041374469736,-0.864709853756932
718,34,-2.5891150862665544,0.09456069186200212,0.27284699625300185
719,8,-0.10721225643944725,-0.17398609854098118,-0.7844700233784124
720,17,0.7116921239576931,-0.3453666420474059,0.7958186614491425
721,30,0.8561062069284273,0.7833446111663271,-0.4478684632719497
722,19,0.6282375921362225,1.9325837609350318,-0.07682202207776198
723,19,0.23615184050313193,0.6994520902949743,-0.01615446781636154
724,11,1.3333859263527992,1.3062409726574873,0.29128069990153954
725,34,-1.0066698543533041,0.6836561189480067,1.0093725940049882
726,42,0.11886130140506304,-0.22142126641086105,-0.6125104473409825
727,45,-0.27169293775111863,-0.602757518136857,0.4064001004864019
728,17,0.13765260203634594,-0.32470471017088554,0.7018293482773114
729,36,-0.7545503777493767,-1.0858939382548203,0.8612219658254604
730,17,1.654196618180337,-0.0741328972535385,0.28202096823782624
731,30,0.4421971896458769,0.35227655559725707,0.03958186627755107
732,17,1.7977508971286444,-0.7866223729061396,0.07979444014991419
733,8,-1.4635946416751957,-0.4952583640104175,-1.0854867240746402
734,1,-0.701272180384923,0.9329123320826499,-0.5400602162065737
735,17,0.8690725555567919,-1.0075960743227037,1.176465569456539
736,17,-0.056761328746827135,-1.0388388928103383,0.5220475478967864
737,17,0.6128636119301252,-0.6758509604055684,0.6352702666622098
738,17,0.27507825936826846,-0.3564636482267738,0.4680610314082542
739,34,-0.6040011357158777,2.241457595056792,0.6868487836678001
740,8,-0.8173341564508567,-1.1682586363424639,-1.4044437230888507
741,41,-0.4583951614762363,-0.4813308415740671,1.0999009092545329
742,1,-0.13481258963337212,0.8522083289844292,-0.322558022267374
743,17,0.7415085107628469,0.07393578617316049,1.5435623994459267
744,17,0.7625759622495019,-0.7981900723587021,0.2709197185140616
745,19,0.37596538672865853,0.8295336103714648,-0.8681500127394851
746,34,-0.634660781852371,0.13842808608234963,0.20879781296377586
747,34,-1.1889935508370881,0.5204625508447501,0.9282820810734637
748,17,-0.48482926715706354,-1.3087494163161764,1.1348410810571985
749,17,0.30648388789822156,-1.9873137455988885,1.118394843640167
750,17,0.1369993572130779,-1.840607980457499,0.5599895304881852
751,17,0.270434791943462,-2.0080088625919768,0.7035433112018166
752,36,-1.407423199001526,-1.3093175207241496,1.412384925855325
753,8,-1.4445695446255742,-0.15384480122916666,-2.113259369842232
754,1,-0.6596948988252122,0.4394561227083313,-0.3923265893678721
755,8,-1.8604009032094686,0.18492695197069592,-1.545771550616472
756,42,0.07578421123622435,-0.8177773704530713,-0.392954866429615
757,11,0.5035844125788871,1.223214639614052,0.8231026006756357
758,28,1.911014819463207,-1.2069918280850955,-0.6250411415544962
759,17,0.11258289033948499,-0.3996661098116904,0.3516723785884671
760,8,-0.5063725266819631,-0.1957749002066244,-0.19414689540936078
761,40,-0.0828032056900148,1.1473893138225983,1.05088481321504
762,19,-0.15434046120320957,1.0437354117348496,-0.5109120972545141
763,40,-0.7908831691275111,1.8588902825562117,0.9898878756880459
764,30,0.6505709643620589,1.6555568837307708,-0.004721505475633339
765,17,0.7946666763120311,0.21808173511233578,0.4585228413226698
766,1,-1.4690354571302253,0.4420210827927798,-1.9857743963540022
767,30,0.8155425857421199,0.8806081337918569,-0.5126619269721643
768,17,0.621947669003277,-0.3932567063089583,0.396302567654087
769,22,0.6916003686780431,-1.3825620360602286,-0.26715991507824477
770,48,0.6290649727731276,0.12631715307259936,-0.3725884129378429
771,11,0.28060304784583145,2.0537402008709846,1.5169655120252723
772,41,-0.8793786440055588,-0.374974185424411,1.4960839431920672
773,40,-0.18697367208940766,1.8813878418994805,1.6815321739080091
774,8,-0.6760836719885442,0.004896741918844818,-0.2665902798548706
775,8,-1.1731501370173354,-0.7413282899823581,-0.07058172217311277
776,34,-0.6304387547793929,1.2906270460328058,-0.04068002996274164
777,40,-0.777938450001553,0.5898907027277981,2.0424803644695806
778,11,0.035181263341062655,1.3940926375904645,0.7011208245122341
779,17,0.08038002599445014,-0.3271610604606409,0.4432273350537366
780,1,-0.09524325111656214,0.20919711063815535,-0.3114931593037858
781,17,0.5648463111075414,-0.5342129810359629,0.580034916729117
782,22,-0.4824203975234729,-2.442115067759533,0.7024565276325376
783,41,-0.14723907311025816,-0.3830728058659179,1.203454806293704
784,15,-1.5538246616639055,0.5430334062159518,-0.32743581439877095
785,19,0.46405008044285895,0.9007851759072439,-0.19033269349042514
786,42,0.2485740316603602,-2.3057953452292366,-2.52343957074195
787,30,0.6333864819759428,0.18036177257583924,-0.5181895581634886
788,19,-0.36109473696954764,0.9908396584846274,-2.4750985181115928
789,11,0.8777633222999792,1.252151256788816,0.43428664072576045
790,22,0.5685926830662386,-3.284948653491436,0.7276557895223621
791,34,-0.8579162775007632,0.8828603532222769,1.013239499290184
792,5,-0.2532699825569713,-0.8561710414880154,0.13445586437901838
793,42,0.11239438163771481,-0.8994353704798798,-0.6530115530545819
794,1,-1.0575394392875874,0.8949660245850117,-1.1300777512925972
795,11,0.23027594734812074,0.2524278334946657,0.5606994359493062
796,17,0.5007935721123256,-0.513585346438554,0.9339876481513549
797,36,-1.5379334291341695,-0.9345345551345321,0.5470384852776554
798,48,1.23471091379075,0.29946327040214704,-0.16276381992755615
799,8,-0.5940017052322561,-1.0948384051222775,-0.8642288675536342
800,22,0.4948862226224123,-0.5401431992521766,-0.13192270071047002
801,8,-0.7575710754442766,-0.10914615658236332,-0.8164474154217576
802,17,1.9912538309685635,0.031372845145521994,0.504117685392613
803,8,-0.38909441748152895,-0.13686116733378603,-1.3816071340771257
804,30,1.831992350274202,1.9837632159369663,-0.2295821165241338
805,19,0.6864401468351252,1.938161751171602,-0.2629472080424481
806,11,0.678091450984664,0.3641938228893725,0.44190915638243966
807,22,-0.04562376939668205,-1.4368764722320213,-0.47120699807386
808,8,-0.7392573556708152,0.0007606733129744902,-1.0675895999221112
809,30,1.0838992289261893,1.204640492664374,-0.8926528042395525
810,17,1.4925403076833639,0.1553081786032727,1.091203653107562
811,34,-0.7815923937791699,0.4171077846229322,-0.028103490618323852
812,30,1.2365456248212532,1.4022408357730771,-0.10693757352443689
813,11,0.9182463678979806,0.31241560430465937,1.0712295713961446
814,17,1.7168118018302208,-1.466033748620846,0.5472614733307132
815,8,-1.6464278012415021,-0.6976038847778676,-0.10468266508030147
816,28,0.3141233233095257,-0.270973727730318,-0.039936230734305994
817,1,-0.005965127756917288,0.631485970730965,-0.07516225722737745
818,8,-0.5610757448821335,-0.7985283421016374,-1.3103410019126105
819,19,0.4765095849784209,1.0177950189059453,-0.23439024731403427
820,11,0.10364804545305782,0.1513974871494181,0.8527623788505762
821,41,-0.8986732228614492,-0.10822003913313744,0.30247005815885064
822,34,-0.9150664278978555,1.1102901889937355,0.32957884192088344
823,19,0.6338514002199168,1.3837010790607531,-0.47304447796505655
824,36,-0.3471147120670399,-0.3007357730594585,0.522010145450663
825,42,0.5724559749221154,-0.3005761072006562,-0.6830486357223111
826,8,-1.0629508194252701,-0.8162121961788278,-0.3890532645863084
827,28,1.5607296245139046,-0.5781960163572112,-0.7390418438420304
828,8,-2.761090391623749,0.3730010430374379,-0.8621540871441495
829,19,0.05030328037965198,1.718478536063874,-0.16038428925441472
830,1,-0.24409371667386753,1.7265325660733022,-0.40058947666855715
831,41,-2.233133662105845,0.2997895670718363,1.15757638392363
832,8,-2.1806708181554755,-0.4395265821793905,-0.46601637739514723
833,17,1.2527473071809534,-1.4118394190993566,2.893393694202633
834,11,0.9304490789983635,0.3166262430922821,0.29056533923408656
835,1,-2.388326521101793,2.8991168369896054,-1.788322140890739
836,42,-0.12627467158677513,-1.4352588567459783,-0.9794182130802831
837,30,1.297970236481582,-0.07851408150635754,-1.4687622777741178
838,19,0.09430779198599828,0.40844235233755793,-0.17568550669848773
839,17,0.4542852039272318,-0.8356161612167414,0.15333530731941875
840,30,0.9113196564949863,0.41309803080095947,-0.8721324118271316
841,34,-0.38418062248538576,0.6424644616714538,0.2802366166957498
842,8,-1.7813948737897958,-0.02846709893149997,-0.2063289649952995
843,48,2.510413660712347,-0.3364460133912097,-1.1184890501143216
844,17,0.7556920238243483,-0.1990301870740056,0.32207957269354665
845,42,1.3592579425050069,-0.4115359566642985,-1.0833381967506877
846,30,0.7446017241779073,0.10300403121297771,-0.9947991419212366
847,34,-0.6417573875837757,0.44805357169062077,-0.14567852684228919
848,41,-0.361995671232919,-0.06680818893286973,0.4120930078510574
849,19,0.09638707966361486,0.13275930511397066,-1.750654454456099
850,36,-1.075400474021648,-0.5922946766078826,0.6544394936078096
851,17,1.2625236101312434,-0.6389426537773846,0.11870637620797408
852,17,1.777232877252465,-1.1500103633129382,1.3286002592368584
853,22,1.142400002974113,-1.5673990555577602,-0.4077721927895379
854,28,1.7472733814226058,-0.5035149357154501,-1.1333020159407994
855,1,-0.3749464116567287,0.7068132907628594,-1.0982338037671848
856,19,0.431953577599353,1.041655140017622,-0.6001298997433111
857,36,-1.1725569089551473,-1.735620340849642,0.6013279134841598
858,17,1.1212385383310535,-0.8270872437918306,0.6387194425063482
859,22,1.8762046244976374,-1.838992774440828,-0.36751805587506553
860,15,-1.747508772285259,0.7509956145846156,-0.2843991617772159
861,1,-0.4856740459242237,2.0109724137096854,-1.081930881078213
862,28,0.6576237659319322,-0.8487695563361337,-0.5960806900447505
863,17,0.20579398450904535,-0.868038863923211,0.5705397566288329
864,8,-1.6010447818981857,-0.2909690749923963,-1.1293227066361093
865,22,0.1755150593777302,-0.4610955378207447,-0.2548948643441746
866,36,-1.796858128518437,-0.5529718445621727,0.5801718855424611
867,1,-0.820482761141501,0.6493258920826651,-0.3922747784303826
868,41,-0.5535434339155528,0.3809489983324241,0.9997036116702166
869,11,0.8960652905845142,0.9623538882249209,0.8261384787151563
870,42,0.8705922902756775,-0.5851059593881369,-0.6540395121554058
871,17,0.4804270670738742,0.08090310924391682,1.1050163860483508
872,41,-0.5567179220394705,-0.6151908079739643,1.1684361512498105
873,17,0.412398879337503,-0.748473625725165,0.6602868171824682
874,30,0.4308080811428032,0.4486337321386912,-0.7661909750306226
875,8,-0.3512498544977208,-0.8142148501958285,-0.2834104492902534
876,20,-0.03483570660433749,-0.11342186845738661,0.2892693911816593
877,22,-0.857860779826378,-3.5922711702644863,-0.3435020401817082
878,1,-0.978833985022752,0.6190660503114502,-0.8722422307776441
879,40,-0.2879352699850219,0.9179719342886441,1.420131945638808
880,28,1.016351403623801,-0.4832486880557608,-0.49202760397188533
881,17,1.4089553563653108,-0.5475888086694637,0.5385972110112345
882,19,-0.1188413044119943,0.6674327385230471,-1.3975764089989953
883,1,-1.1592034885972788,1.6074271315069246,-0.40103739575072167
884,11,0.7694401935316574,0.6277599741851102,0.9870419713382936
885,34,-0.48731821896754857,0.6773962768021158,0.07989924849720657
886,40,-0.018184685078020815,0.6237552434719419,0.29880303711504375
887,1,-0.0754996928237891,0.21518589834671972,-0.09706158558037319
888,17,2.151558748537715,-0.5513410482186899,0.04178701292560301
889,22,0.07239724084944672,-1.3258550539635428,-0.33543636234441276
890,17,1.0638374532176604,-0.594925871377788,0.8961475659136207
891,17,-0.2210345874233859,-1.788308717309512,0.7008102263381414
892,22,1.1468324649180373,-1.9536202496971782,-0.6085554067010839
893,1,-0.9383904305399412,0.7337671598194254,-0.4118114080914114
894,42,0.00973731433650755,-0.6291529610166574,-0.8367524006861786
895,41,-0.04974044156871219,0.07549610494340929,0.7153138032784466
896,11,0.7548795258807294,0.9339878819785409,0.6839650969324536
897,11,0.35462149853096697,0.6472850426247586,0.5623178952885663
898,22,0.6635288479738821,-1.2406903424008289,0.11690408982028891
899,34,-1.3870347626071045,1.9227959038595652,0.7204014331426799
900,17,1.038004835310698,-0.7310475859822031,0.8737382732513191
901,1,-1.8183897110840994,1.2492574369439462,-2.2104009686193224
902,36,-0.9368056581616198,-0.9525229288076427,0.6578116966934531
903,22,0.9730991188413346,-2.624884919443867,-0.46394643609355146
904,1,-0.4705064270853944,1.4506469722328255,-0.2737663593409744
905,17,1.2504158019736134,-1.299656137204775,0.3537631915792707
906,1,-0.5346897043166711,0.8662053949445566,-1.9117771048083323
907,30,1.1386080348063425,0.433819240409684,-1.6489348932484866
908,22,1.1738196007150683,-1.278912942719039,-0.25749277427968037
909,19,0.5777721381845874,2.0742998261034113,-0.34548847467987076
910,17,0.6056294523544782,-0.6435571534274163,0.8989137357309065
911,22,0.45223947868348824,-0.5931739285496347,-0.0533866301453776
912,19,0.005860961440767704,2.4998976662473233,-0.4310848226260317
913,19,-0.06578201765050692,0.07962176862014964,-1.757202024480929
914,8,-0.5559655450191935,-0.567324776619446,-0.16272608579133102
915,11,0.9913465196213936,0.412870157128529,0.9135067489082667
916,28,1.4941473186411707,-1.5443298341160083,-1.0796568775470208
917,8,-0.5609595951600856,-0.2572473187834881,-0.9094805903188573
918,25,-0.17697479785385806,-0.7980973467588981,0.2009141636114896
919,22,-0.11519580640420568,-1.0181682526292488,0.23555233359782551
920,8,-1.111810343035143,-0.07340645678653623,-0.29409756516257973
921,17,0.8399308141948717,-1.4372691995322322,0.3671797820692029
922,11,1.8420955222370503,1.1107128836759335,1.1788307216303746
923,34,-0.955574451516503,0.21810935511701285,0.41726979341451576
924,40,-0.8767518967647061,0.632789397318764,1.2138746926941937
925,8,-1.199590140392151,-0.8493194978693316,-0.06530327332188664
926,42,0.940013725698444,-0.368183803492452,-2.20688157043908
927,1,-0.28948002620408947,0.6159036762808453,-0.18332672378113404
928,17,0.7128304043626243,-1.6431386685797122,1.0938018012247133
929,30,1.3494427699864675,0.3146247163525487,-1.0451155236653593
930,34,-0.272587294528794,1.2722549190804873,0.09152195090051056
931,19,0.023585977256157464,1.611962625285351,-0.3952111659114821
932,11,-0.024400169246607706,0.7859768986065755,0.808780157626474
933,1,-0.7984383678993687,1.003565311370584,-1.8244785706715978
934,42,-0.31241764571156183,-1.3267751129751806,-1.0854443159501237
935,30,1.3228819336146245,1.0282492627048787,-0.9409505224108544
936,36,-1.9143170339553135,-0.19211309419170872,0.27395137983316403
937,30,1.5339695343821969,0.952505399179498,-0.5436344487561736
938,19,0.11200581989656168,0.1281922207504049,-0.18097889876347148
939,42,0.63359359235971,-0.9780113713936408,-1.634649227364698
940,41,-0.10398034263125287,-0.0016255664213979436,2.0829779896247915
941,17,0.7897912280549059,-0.056827490148047825,0.8739252086164331
942,30,1.5896393497842618,0.7436057891800952,0.03028181628152097
943,30,0.31206556307318795,0.30179938605615425,-0.6719686736110286
944,42,0.6667991139308987,-0.8923747165596352,-0.8081052843732826
945,42,-0.18923478291097556,-1.1318414494371543,-0.6633933655244917
946,17,1.041276248829453,-1.6349861076201933,1.6284958212366645
947,42,1.1929355845579772,-1.4010012261427536,-1.8630423004782783
948,34,-0.834953535468346,1.3589238681599969,0.8402668787311067
949,42,-0.005750024540457648,-0.7841569710201745,-0.8733180842483467
950,17,0.2965509389436982,-0.0014488729761760616,0.5624580112186133
951,17,0.7127029414269572,0.015343083885486023,0.211241890553698
952,17,1.9788124220544505,-0.6468439181842061,0.10581884955848093
953,1,-1.361612904380692,1.5041228881170763,-1.1274575896627534
954,8,-1.7073208137175058,-1.3208463293329458,-0.7326055439131949
955,11,0.5165907576863344,0.4874289685617693,0.49658584275207807
956,41,-1.5496852384622466,0.03242446617032876,0.722820119645403
957,19,0.5270454385191923,1.537387934683868,-1.0307084131625146
958,36,-1.3924480702033515,-1.053351929014806,1.0266688483075022
959,11,0.8521471802841896,0.6912397470947022,0.4135095917545652
960,11,0.5441789723136997,0.4839352974593528,0.3687678742158738
961,34,-0.4807715064622681,1.170414293316007,0.09787230405861419
962,41,-0.5711132069932569,-0.22705392539186658,0.7724964340432949
963,17,0.44048414474920145,-2.5708227720096555,1.1794331712601596
964,17,0.11618111962297707,-0.40354294352922554,1.1817300915687696
965,41,-0.047919325063608416,-0.038122544736027345,0.8740659587354199
966,34,-0.2665326809152129,1.6009452892019949,0.005644104855807466
967,22,0.5906128029188796,-0.8295856074399582,-0.12690400924108813
968,11,0.6103986143875023,0.559049137444862,1.1934918942929926
969,8,-1.0991514570341674,0.050721241650587626,-1.0840396743274208
970,17,0.09801924088319303,-1.4716102308158925,1.1367325457122164
971,20,0.38774331714007565,0.2656546832566926,1.603307461305943
972,42,0.5819882028001465,-0.1079599314565322,-0.4891432326249496
973,34,-0.8788663307895533,1.3519307094258235,0.11723197898813852
974,11,0.3245210573379139,1.279178446349786,0.34840981981574476
975,36,-0.9950919955065087,-1.4746343511966342,0.38444874630266934
976,48,2.343849055416211,0.02061797271527298,-0.6015742541882763
977,42,0.350680802888351,-0.8786801974814636,-0.4410847224122327
978,22,0.359439567809964,-1.3216196851549153,-0.39496449178765664
979,11,1.4708871410572435,0.5892745554672938,0.5719505444249116
980,30,0.3120187101962823,0.42308614774990244,-0.8131539963925253
981,1,-1.1436893416033,0.966955123375432,-0.6668678244992471
982,24,-0.004539493281631027,1.6600685335049916,-0.12869808244689737
983,17,0.19644122415644513,-0.07885892238293862,-0.03034340296444951
984,34,-1.6701073457719608,0.7846077127078557,0.08628545992510396
985,19,0.34683397385411274,0.7223038617349796,-0.07004782321489643
986,19,-0.2870596613058641,0.9341253610098841,-1.2686124562099081
987,40,-0.6635871180698357,0.8180197188297234,1.14163383745208
988,8,-0.5591615508299647,-0.4978849849638918,-0.11652249514932529
989,8,-0.5040529443308615,0.1868149403113357,-1.5805969273448959
990,11,0.5043141062259723,0.5224878387057644,0.1292910170916189
991,8,-0.6997082129757105,-1.629375804599751,-0.6341668908261475
992,41,-1.0548193964339823,0.03672462442599111,0.5858390372132938
993,8,-0.25434484098523635,-0.46839074033715095,-0.5397355162555662
994,1,-0.33712441298896995,0.7318554743999617,-0.18289664680314094
995,42,0.12373842448238051,-0.11728095761387639,-0.4483688881382304
996,17,0.49630960341369224,-1.5563558020821084,0.9978656448824611
997,8,-1.0695959201927914,-1.7234663604599463,-1.0543193339736345
998,17,0.20486835595653272,-0.577674852564473,0.6569383404634225
999,42,0.49680129894323616,-0.22768245814530058,-0.443152944202422
